jobs,pdb,interface,Num_intf_residues,Polar,Hydrophobhic,Charged,contact_pairs, sc, hb, sb, int_solv_en, int_area, pvalue,#PDB,chains,predicted_class,pi_score,iptm_ptm,iptm,mpDockQ/pDockQ
ATP8_and_FUN_022095-C1GALT1_3,ranked_0,C_B,32,0.125,0.469,0.313,58,0.535,11,0,-18.04,1227.1,0.3,ranked_0,C_B,1.0,1.88,0.528435481751882,0.47352868,0.2659110621406847
FORF_and_FUN_004887-GCNT4,ranked_0,C_B,37,0.432,0.351,0.054,32,0.402,20,1,-21.22,1910.58,0.47,ranked_0,C_B,0.0,-0.23,0.4331233356475276,0.35863996,0.1948377216135913
ATP8_and_FUN_010176,None,None,None,None,None,None,None,None,None,None,None,None,None,,,,No interface detected,0.3147313598311934,0.32646552,0.021410980523615043
ATP8_and_FUN_040204-MUC1,ranked_0,C_B,8,0.375,0.375,0.125,14,0.074,1,0,-1.89,281.69,0.87,ranked_0,C_B,0.0,-1.39,0.31722578925418266,0.3247342,0.019511727676293847
ATP8_and_FUN_011151-MUC3A_3,ranked_0,C_B,33,0.152,0.485,0.121,31,0.379,2,2,-18.9,1466.73,0.78,ranked_0,C_B,0.0,-1.49,0.3434513725360143,0.29718858,0.05390696892099783
FORF_and_FUN_022079-GALNT1_1,ranked_0,C_B,40,0.375,0.3,0.15,55,0.408,6,0,-16.48,1272.47,0.21,ranked_0,C_B,0.0,-0.7,0.3987889017467242,0.29396445,0.1245098311098299
MORF_and_FUN_022095-C1GALT1_3,ranked_0,C_B,36,0.111,0.472,0.306,60,0.615,21,1,-18.45,1553.31,0.22,ranked_0,C_B,1.0,2.19,0.34551332937321366,0.29259413,0.2979408598468135
FORF_and_FUN_044554-GCNT1,ranked_0,C_B,31,0.452,0.29,0.161,24,0.291,11,2,-5.31,1507.54,0.92,ranked_0,C_B,0.0,-1.5,0.3642488236329679,0.28587303,0.19302184446163226
MORF_and_FUN_011151-MUC3A_3,ranked_0,C_B,13,0.308,0.462,0.077,8,0.348,5,1,-16.02,895.33,0.18,ranked_0,C_B,0.0,-0.9,0.29835317129689,0.27597228,0.05410338269713372
ATP8_and_FUN_022079-GALNT1_1,ranked_0,C_B,16,0.125,0.563,0.188,19,0.302,1,0,-18.98,1088.06,0.38,ranked_0,C_B,0.0,-1.87,0.3867515260793014,0.27342457,0.05897500973136685
FORF_and_FUN_008119-GALNT7,ranked_0,C_B,26,0.423,0.231,0.077,22,0.188,5,0,-11.83,1109.99,0.5,ranked_0,C_B,0.0,-2.32,0.36930374468034255,0.27289742,0.07661412090945452
FORF_and_FUN_011151-MUC3A_3,ranked_0,C_B,14,0.286,0.571,0.143,11,0.331,3,0,-16.86,767.36,0.08,ranked_0,C_B,0.0,-1.01,0.31560602507878244,0.26274508,0.04079401560279422
MORF_and_FUN_004887-GCNT4,ranked_0,C_B,14,0.143,0.643,0.071,16,0.553,2,2,-17.42,757.67,0.02,ranked_0,C_B,1.0,0.62,0.3242608122767181,0.25451332,0.15595319859390946
ATP8_and_FUN_035515-GALNT2,ranked_0,C_B,24,0.167,0.375,0.125,22,0.192,3,0,-21.97,1086.51,0.28,ranked_0,C_B,0.0,-1.11,0.34327436448710286,0.25111255,0.08724916043954409
FORF_and_FUN_007055-GLY10,ranked_0,C_B,29,0.379,0.241,0.207,30,0.322,4,1,-8.65,1170.14,0.72,ranked_0,C_B,0.0,-2.29,0.3430024091560652,0.24941829,0.08513511214118215
FORF_and_FUN_035515-GALNT2,None,None,None,None,None,None,None,None,None,None,None,None,None,,,,No interface detected,0.33304398945028807,0.24728021,0.10313374046478266
FORF_and_FUN_029318-GALNT11,ranked_0,C_B,25,0.36,0.32,0.16,36,0.221,10,0,-10.25,918.08,0.61,ranked_0,C_B,0.0,-1.74,0.33485216647815985,0.24465403,0.06736819586609133
ATP8_and_FUN_002949-MUC3A_2,ranked_0,C_B,10,0.2,0.5,0.1,5,0.468,1,0,-12.45,542.03,0.26,ranked_0,C_B,0.0,-0.99,0.2524791463983094,0.23971893,0.021017644213426008
ATP8_and_FUN_018629-GALNT12,ranked_0,C_B,24,0.125,0.292,0.417,29,0.472,8,0,-8.67,975.86,0.59,ranked_0,C_B,0.0,-0.43,0.25113413889449154,0.23143154,0.03040876827561479
FORF_and_FUN_016811,ranked_0,C_B,21,0.381,0.19,0.286,18,0.238,5,0,-21.39,1326.0,0.25,ranked_0,C_B,0.0,-0.99,0.3429079020559614,0.23051584,0.10156686555929625
ATP8_and_FUN_008119-GALNT7,ranked_0,C_B,13,0.154,0.231,0.077,11,0.381,0,0,-7.4,551.83,0.67,ranked_0,C_B,0.0,-1.51,0.32707466355601833,0.21815538,0.036950858073568724
MORF_and_FUN_010176,ranked_0,C_B,24,0.292,0.375,0.292,30,0.357,5,0,-13.67,1027.94,0.55,ranked_0,C_B,0.0,-1.14,0.22697108885319744,0.2166885,0.01985025926314082
ATP8_and_FUN_002358-MUC17,None,None,None,None,None,None,None,None,None,None,None,None,None,,,,No interface detected,0.23624457953626427,0.2111562,0.025969357017370825
ATP8_and_FUN_029318-GALNT11,ranked_0,C_B,15,0.267,0.467,0.267,12,0.494,1,2,-15.15,925.12,0.46,ranked_0,C_B,0.0,-0.29,0.3145769746876024,0.20894116,0.0379977958274511
FORF_and_FUN_010176,ranked_0,C_B,25,0.32,0.56,0.12,26,0.094,2,0,-9.86,716.06,0.54,ranked_0,C_B,0.0,-1.81,0.2154652836745272,0.2063239,0.026214654388884907
ATP8_and_FUN_044554-GCNT1,ranked_0,C_B,5,0.4,0.6,0.0,3,0.331,2,0,-10.61,366.65,0.23,ranked_0,C_B,0.0,-0.88,0.3018279504850084,0.20493852,0.02803013200004119
MORF_and_FUN_018629-GALNT12,ranked_0,C_B,21,0.095,0.476,0.19,30,0.393,5,0,-11.69,668.94,0.19,ranked_0,C_B,0.0,-0.38,0.21370423288775237,0.20128118,0.05430367524736958
ATP8_and_FUN_007055-GLY10,ranked_0,C_B,5,0.4,0.2,0.2,3,0.334,1,0,-6.35,537.21,0.59,ranked_0,C_B,0.0,-2.37,0.3055983552031323,0.19725983,0.02617805878653868
MORF_and_FUN_040204-MUC1,None,None,None,None,None,None,None,None,None,None,None,None,None,,,,No interface detected,0.19720579272076832,0.18831912,0.023884745183351125
FORF_and_FUN_040204-MUC1,ranked_0,C_B,9,0.444,0.444,0.0,15,0.145,2,0,-2.41,223.37,0.56,ranked_0,C_B,0.0,-1.48,0.1938240979659249,0.18520671,0.01905536618495427
ATP8_and_FUN_004887-GCNT4,ranked_0,C_B,32,0.125,0.75,0.094,73,0.127,9,1,-22.44,913.71,0.17,ranked_0,C_B,1.0,0.08,0.2923895188052543,0.17940553,0.1540814954061125
MORF_and_FUN_016811,None,None,None,None,None,None,None,None,None,None,None,None,None,,,,No interface detected,0.2773245300697944,0.17498791,0.024200333181988304
MORF_and_FUN_044554-GCNT1,ranked_0,C_B,4,0.0,0.25,0.75,2,0.299,1,2,0.09,421.62,0.79,ranked_0,C_B,1.0,0.12,0.2566239578675926,0.17371055,0.02436372699125685
ATP8_and_FUN_016811,ranked_0,C_B,11,0.091,0.545,0.182,7,0.209,0,0,-13.03,695.38,0.37,ranked_0,C_B,0.0,-2.23,0.29683656919974744,0.17035848,0.03350193418632344
FORF_and_FUN_002358-MUC17,None,None,None,None,None,None,None,None,None,None,None,None,None,,,,No interface detected,0.1931758528199819,0.16262785,0.03288661521922087
MORF_and_FUN_008119-GALNT7,ranked_0,C_B,10,0.3,0.2,0.2,7,0.37,1,1,-2.3,375.73,0.57,ranked_0,C_B,0.0,-2.08,0.2575737292558165,0.15838462,0.028928764450614465
MORF_and_FUN_035515-GALNT2,ranked_0,C_B,10,0.3,0.3,0.2,7,0.588,3,0,-2.04,444.18,0.6,ranked_0,C_B,0.0,-0.51,0.23740980845962711,0.15656209,0.02372267364110351
MORF_and_FUN_002949-MUC3A_2,None,None,None,None,None,None,None,None,None,None,None,None,None,,,,No interface detected,0.17639821950674317,0.15528509,0.020184624536150823
MORF_and_FUN_022079-GALNT1_1,ranked_0,C_B,10,0.4,0.3,0.2,7,0.417,3,1,-3.59,518.42,0.19,ranked_0,C_B,0.0,-1.19,0.26001997909214924,0.15239921,0.027386958528091927
ATP8_and_FUN_000075-MUC4,ranked_0,C_B,30,0.167,0.5,0.167,46,0.323,10,1,-22.34,1323.39,0.4,ranked_0,C_B,1.0,0.09,0.20350090160327605,0.14940923,0.027283506885304315
MORF_and_FUN_007055-GLY10,ranked_0,C_B,4,0.5,0.0,0.25,2,0.439,0,0,-1.59,195.4,0.56,ranked_0,C_B,0.0,-0.81,0.23821994357160192,0.14123973,0.021399849385289816
FORF_and_FUN_002949-MUC3A_2,None,None,None,None,None,None,None,None,None,None,None,None,None,,,,No interface detected,0.16916108953076575,0.13908952,0.0
MORF_and_FUN_029318-GALNT11,ranked_0,C_B,11,0.182,0.455,0.182,13,0.145,3,0,-16.37,698.37,0.03,ranked_0,C_B,0.0,-0.63,0.22320673800028823,0.13523747,0.029423326561280248
MORF_and_FUN_002358-MUC17,ranked_0,C_B,8,0.25,0.625,0.0,6,0.297,2,4,-8.38,684.76,0.44,ranked_0,C_B,0.0,-1.37,0.16135569243830863,0.13142638,0.03566789344201873
FORF_and_FUN_022095-C1GALT1_3,ranked_0,C_B,30,0.467,0.2,0.167,33,0.245,2,0,-9.91,978.07,0.51,ranked_0,C_B,0.0,-2.39,0.23147559934400083,0.11433688,0.09066384979132946
MORF_and_FUN_029370-GALNT1_2,None,None,None,None,None,None,None,None,None,None,None,None,None,,,,No interface detected,0.13770182472802206,0.09784232,0.0
ATP8_and_FUN_029370-GALNT1_2,None,None,None,None,None,None,None,None,None,None,None,None,None,,,,No interface detected,0.12099151842081013,0.0937947,0.019510191959003345
FORF_and_FUN_029370-GALNT1_2,ranked_0,C_B,6,0.5,0.333,0.0,5,0.251,0,0,-4.66,276.01,0.53,ranked_0,C_B,0.0,-2.11,0.15666457522714305,0.09253174,0.030653569196743863
FORF_and_FUN_000075-MUC4,ranked_0,C_B,11,0.545,0.364,0.091,15,0.164,1,2,-2.61,506.33,0.7,ranked_0,C_B,0.0,-1.76,0.1404726479994703,0.08342688,0.0203440165614891
MORF_and_FUN_000075-MUC4,None,None,None,None,None,None,None,None,None,None,None,None,None,,,,No interface detected,0.11821507181878697,0.07449967,0.0
MORF_and_FUN_036891,None,None,None,None,None,None,None,None,None,None,None,None,None,,,,No interface detected,0.09186980238897317,0.07237761,0.0
ATP8_and_FUN_036891,None,None,None,None,None,None,None,None,None,None,None,None,None,,,,No interface detected,0.08100689556109936,0.068550475,0.01864209295931438
FORF_and_FUN_036891,None,None,None,None,None,None,None,None,None,None,None,None,None,,,,No interface detected,0.07693132535087274,0.061594773,0.0
FORF_and_FUN_018629-GALNT12,None,None,None,None,None,None,None,None,None,None,None,None,None,,,,No interface detected,0.11219862207427515,0.059996642,0.0
