"row","kTotal","kWithin","kOut","kDiff","module","Target_annotation","Target_Contig"
"FUN_024896",505.859021271928,497.106357925277,8.75266334665099,488.353694578626,"orange","",1397
"FUN_039180",506.858080355615,497.009475074699,9.84860528091616,487.160869793782,"orange","Syt13",2129
"FUN_008328",502.103043096904,493.354601972829,8.74844112407499,484.606160848754,"orange","ADRA2B",532
"FUN_003106",502.120559906296,493.089985758296,9.03057414799997,484.059411610296,"orange","CA10_1",236
"FUN_034107",501.255362843406,492.722426400893,8.53293644251289,484.18948995838,"orange","SLC6A4",1890
"FUN_011106",499.490026323686,491.00135934193,8.4886669817559,482.512692360175,"orange","CNGB1",651
"FUN_007108",500.359657175585,490.162169424737,10.1974877508473,479.96468167389,"orange","",459
"FUN_005203",498.347854972837,488.571196332906,9.77665863993127,478.794537692974,"orange","",363
"FUN_020793",498.858732439657,488.236618425441,10.6221140142158,477.614504411225,"orange","",1196
"FUN_011811",496.213653664829,488.009559147123,8.20409451770564,479.805464629417,"orange","",687
"FUN_001144",496.587893508624,487.696504237779,8.8913892708444,478.805114966935,"orange","TMEM9",114
"FUN_025200",496.287766367689,487.618188914955,8.66957745273425,478.948611462221,"orange","",1411
"FUN_025094",497.767124581431,487.455821854494,10.3113027269363,477.144519127558,"orange","",1411
"FUN_034912",497.267163241372,487.23760034731,10.0295628940625,477.208037453248,"orange","",1915
"FUN_028267",496.785971481831,486.788338966061,9.99763251577036,476.790706450291,"orange","",1571
"FUN_005655",497.781427409115,486.448390019207,11.3330373899083,475.115352629299,"orange","dmsr-8_1",380
"FUN_040284",496.142629315345,486.06312242298,10.0795068923648,475.983615530615,"orange","",2187
"FUN_025081",493.312206767745,485.150233568451,8.16197319929466,476.988260369156,"orange","MFSD6",1408
"FUN_036686",492.143311434977,483.871764472279,8.27154696269844,475.60021750958,"orange","CACNG7_2",1986
"FUN_017424",492.541510748711,482.927475612338,9.61403513637225,473.313440475966,"orange","",1007
"FUN_003840",492.058891357188,482.647426902097,9.41146445509094,473.235962447006,"orange","KCNK18_1",291
"FUN_032241",491.17060693141,482.622478455326,8.54812847608412,474.074349979242,"orange","ARL6IP5",1787
"FUN_020919",492.645208076608,482.347201097915,10.2980069786923,472.049194119223,"orange","ARFGAP1",1196
"FUN_011559",489.959154348398,482.309346304603,7.64980804379576,474.659538260807,"orange","",676
"FUN_038668",491.175545931291,481.529949102263,9.64559682902757,471.884352273236,"orange","GPRMGL5_3",2093
"FUN_022829",489.732573803267,481.52799778115,8.20457602211701,473.323421759033,"orange","UCHL3",1307
"FUN_021299",490.833393111537,481.397298562297,9.43609454923984,471.961204013058,"orange","CRHR2",1202
"FUN_001883",491.121769351145,481.023539200965,10.0982301501808,470.925309050784,"orange","",170
"FUN_004742",489.28619776729,480.905176413298,8.38102135399197,472.524155059306,"orange","",334
"FUN_001141",490.251256969828,480.515597314365,9.73565965546209,470.779937658903,"orange","MAPK8IP1",114
"FUN_037825",492.336216912969,480.394983705998,11.9412332069717,468.453750499026,"orange","CALB1_2",2058
"FUN_001875",491.886117224148,479.737339551624,12.1487776725237,467.588561879101,"orange","",170
"FUN_001167",486.950581852857,479.370335113165,7.58024673969226,471.790088373472,"orange","",117
"FUN_028952",487.932414720135,479.204786528156,8.72762819197936,470.477158336177,"orange","",1601
"FUN_006432",487.419943879722,479.112788948565,8.3071549311577,470.805634017407,"orange","NKX6-1_1",433
"FUN_019072",490.664403191989,478.977794408669,11.68660878332,467.291185625349,"orange","NPDC1",1097
"FUN_024515",490.138761016237,478.367063703326,11.7716973129109,466.595366390415,"orange","NDRG3",1384
"FUN_010109",486.518745772547,478.330291016403,8.18845475614387,470.141836260259,"orange","CELF4",613
"FUN_034829",492.166619771125,477.577389288114,14.5892304830107,462.988158805103,"orange","SYT2_3",1912
"FUN_005991",487.100690276671,477.082856167364,10.0178341093072,467.065022058057,"orange","",399
"FUN_020756",489.063459852527,476.700770804897,12.3626890476298,464.338081757267,"orange","SRC42A",1196
"FUN_034828",490.433559842367,476.643470890566,13.7900889518007,462.853381938766,"orange","",1912
"FUN_013409",489.043402964313,476.618475273351,12.4249276909628,464.193547582388,"orange","",762
"FUN_036159",486.133816548259,476.544973061162,9.58884348709711,466.956129574065,"orange","PRKAR2B_1",1969
"FUN_029286",483.964980885422,475.716834644444,8.24814624097854,467.468688403465,"orange","TACR2",1632
"FUN_044454",483.579252143231,475.232061832117,8.34719031111359,466.884871521004,"orange","",2347
"FUN_044455",484.001907956294,475.078062156953,8.92384579934077,466.154216357613,"orange","",2347
"FUN_014294",487.887755693943,475.056806485746,12.8309492081969,462.225857277549,"orange","",817
"FUN_016792",483.085995219435,474.978878722315,8.10711649711976,466.871762225195,"orange","SLCO4C1_4",978
"FUN_037823",485.562948604821,474.954354310708,10.6085942941133,464.345760016594,"orange","CALB1_1",2058
"FUN_016748",485.960258364458,474.624292326997,11.3359660374609,463.288326289536,"orange","",971
"FUN_027640",483.128850784117,474.084201446097,9.04464933802006,465.039552108077,"orange","GABBR1_3",1532
"FUN_044996",483.530334600476,473.605806896678,9.92452770379788,463.681279192881,"orange","",2352
"FUN_003700",484.899382839181,473.577524699082,11.3218581400985,462.255666558984,"orange","",282
"FUN_020064",481.690044138544,472.955688771234,8.73435536730921,464.221333403925,"orange","GABRB2",1147
"FUN_034401",481.159769200924,472.503622254396,8.65614694652851,463.847475307867,"orange","",1899
"FUN_034486",479.938384850678,472.295936753885,7.64244809679258,464.653488657093,"orange","",1903
"FUN_001354",480.341498277231,472.050385581765,8.29111269546559,463.7592728863,"orange","",129
"FUN_007889",481.27941783159,472.010109690731,9.26930814085927,462.740801549872,"orange","LAMP1_1",514
"FUN_006564",481.593190388206,471.341141229561,10.2520491586451,461.089092070916,"orange","",435
"FUN_015339",479.963505532154,471.291592062247,8.67191346990677,462.61967859234,"orange","",885
"FUN_006888",481.96333333398,471.179366328099,10.7839670058804,460.395399322219,"orange","CFAP61_1",450
"FUN_027403",484.63857195525,471.127882214295,13.5106897409543,457.617192473341,"orange","APOA1BP",1517
"FUN_012263",478.648001200345,470.569247189123,8.07875401122226,462.4904931779,"orange","",709
"FUN_032763",477.4780090115,469.352909565286,8.12509944621371,461.227810119072,"orange","",1812
"FUN_034104",476.755798456992,469.12194542577,7.63385303122203,461.488092394548,"orange","",1890
"FUN_025509",475.849440986414,467.807093896018,8.04234709039542,459.764746805623,"orange","GRIA2_7",1425
"FUN_033985",477.337118009037,466.903493927189,10.4336240818481,456.469869845341,"orange","",1887
"FUN_039281",476.482917722559,466.831387961534,9.65152976102564,457.179858200508,"orange","",2132
"FUN_044997",475.03214754422,466.723439790803,8.30870775341714,458.414732037386,"orange","unc-17",2352
"FUN_005454",475.354159175358,465.843004799444,9.51115437591409,456.33185042353,"orange","",368
"FUN_042501",475.085001425161,465.544551467263,9.54044995789775,456.004101509365,"orange","",2308
"FUN_034433",473.238109017719,464.458673562502,8.77943545521697,455.679238107285,"orange","NPSR1_7",1902
"FUN_026941",473.883842092142,464.262338892347,9.62150319979457,454.640835692553,"orange","",1493
"FUN_034109",471.827692815661,464.21762287547,7.61006994019129,456.607552935279,"orange","",1890
"FUN_019578",477.252139541365,463.824343810796,13.427795730569,450.396548080227,"orange","goa-1",1123
"FUN_043271",473.814904925567,463.815044232387,9.99986069317981,453.815183539207,"orange","",2332
"FUN_041023",471.730646711584,463.741041936598,7.98960477498605,455.751437161611,"orange","",2225
"FUN_034106",471.12284286429,463.505145888967,7.61769697532321,455.887448913644,"orange","",1890
"FUN_024892",475.575020385859,463.450333714237,12.1246866716221,451.325647042615,"orange","",1397
"FUN_046453",469.830325652466,462.782507195681,7.04781845678497,455.734688738896,"orange","CDK5R1",2362
"FUN_019007",469.862022284288,462.256156073078,7.60586621121058,454.650289861867,"orange","",1093
"FUN_028822",471.657077576635,462.253486860384,9.40359071625147,452.849896144132,"orange","",1598
"FUN_018257",471.88138235557,462.07138818873,9.80999416683926,452.261394021891,"orange","ROBO1_1",1045
"FUN_015422",470.943071382704,461.872672039138,9.07039934356607,452.802272695572,"orange","GRIA2_4",891
"FUN_034708",472.236899925168,461.260518527287,10.9763813978809,450.284137129406,"orange","",1910
"FUN_007797",468.552857232955,461.162369149529,7.39048808342562,453.771881066104,"orange","CA10_3",507
"FUN_017741",469.072758437141,460.477444362027,8.59531407511406,451.882130286913,"orange","",1024
"FUN_005814",475.815960046203,460.447864558011,15.3680954881919,445.079769069819,"orange","RAB6B",388
"FUN_035981",470.22480080403,460.288085047597,9.9367157564331,450.351369291164,"orange","",1956
"FUN_006573",468.861038551789,460.140474112505,8.72056443928454,451.41990967322,"orange","",435
"FUN_007576",475.560085632281,460.009176041487,15.5509095907942,444.458266450693,"orange","APLP2",487
"FUN_018977",469.239832238251,459.372412843592,9.86741939465884,449.504993448933,"orange","",1090
"FUN_021570",466.491027295477,458.791156734332,7.69987056114593,451.091286173186,"orange","",1223
"FUN_030450",473.536251262979,458.60648124974,14.9297700132386,443.676711236501,"orange","CDR2",1695
"FUN_003737",467.863247392287,458.445419189889,9.41782820239814,449.02759098749,"orange","",283
"FUN_014848",469.247972242627,458.358166413931,10.8898058286951,447.468360585236,"orange","",855
"FUN_035910",469.011711993802,457.898315403737,11.1133965900651,446.784918813672,"orange","npr-9_4",1956
"FUN_011036",466.651328702695,457.834986086801,8.81634261589375,449.018643470907,"orange","",647
"FUN_013834",465.263027573605,457.539080818123,7.72394675548156,449.815134062641,"orange","GABRA4_2",780
"FUN_018100",465.800820782136,456.844693337963,8.95612744417275,447.88856589379,"orange","",1036
"FUN_023283",463.923936236577,456.476487003976,7.44744923260095,449.029037771375,"orange","",1324
"FUN_017491",464.623508076014,456.132740160424,8.49076791559042,447.641972244833,"orange","",1008
"FUN_007457",463.690382251086,455.99128253937,7.69909971171688,448.292182827653,"orange","FRRS1L",476
"FUN_033836",463.267605818456,455.693456766027,7.57414905242928,448.119307713597,"orange","",1879
"FUN_025507",462.060127308761,455.134747714497,6.92537959426397,448.209368120233,"orange","GRIA2_6",1425
"FUN_018381",461.808304420264,454.706709602948,7.10159481731512,447.605114785633,"orange","",1050
"FUN_041859",463.081909101245,454.632325382139,8.44958371910644,446.182741663032,"orange","",2261
"FUN_015767",465.696569124903,454.603165183075,11.0934039418279,443.509761241247,"orange","MMP21_1",901
"FUN_045351",465.030093913203,454.561488536321,10.4686053768815,444.09288315944,"orange","GRIA2_16",2354
"FUN_017492",462.266697651157,454.53825109194,7.72844655921682,446.809804532723,"orange","",1008
"FUN_006435",462.51853058348,453.250980667437,9.26754991604327,443.983430751394,"orange","NKX6-1_2",433
"FUN_004820",460.007208588551,452.875473839301,7.13173474924957,445.743739090052,"orange","SULT1C4_1",334
"FUN_018858",459.764380875424,452.63348424743,7.13089662799388,445.502587619436,"orange","PCSK2_2",1088
"FUN_040283",458.983604749423,452.259306384976,6.72429836444689,445.535008020529,"orange","",2187
"FUN_035162",459.763417818593,451.12193913027,8.64147868832282,442.480460441947,"orange","CHRNA7_5",1920
"FUN_015408",458.201135045806,450.833345884303,7.3677891615032,443.4655567228,"orange","",885
"FUN_004332",460.531356607633,450.301299348779,10.2300572588543,440.071242089925,"orange","BHLHE22",317
"FUN_029833",459.011639732885,450.278484666231,8.73315506665381,441.545329599577,"orange","",1672
"FUN_009171",461.798362841453,449.80616264056,11.9922002008925,437.813962439668,"orange","sro-1_1",569
"FUN_001353",456.357253015966,449.520584397995,6.83666861797099,442.683915780024,"orange","",129
"FUN_036774",458.935499654052,449.248775410786,9.68672424326564,439.562051167521,"orange","",1997
"FUN_011037",457.693323778547,448.4159756613,9.27734811724679,439.138627544053,"orange","",647
"FUN_042023",456.164900268973,448.108706699771,8.05619356920153,440.05251313057,"orange","NLGN3_10",2271
"FUN_004897",456.188635157796,448.021480869855,8.16715428794095,439.854326581914,"orange","",336
"FUN_016833",458.436834142849,447.601515649036,10.835318493813,436.766197155223,"orange","",981
"FUN_010982",454.634351799908,447.211985803361,7.4223659965474,439.789619806813,"orange","LHX3",644
"FUN_042024",455.160379820348,447.097391607649,8.06298821269962,439.034403394949,"orange","NLGN3_11",2271
"FUN_004528",459.056018089206,446.607067154042,12.4489509351633,434.158116218879,"orange","SNAP25",327
"FUN_015265",459.250124874518,445.932180664299,13.3179442102186,432.61423645408,"orange","",879
"FUN_035445",453.201088872361,445.851903058121,7.34918581423955,438.502717243882,"orange","",1938
"FUN_031671",454.61762041751,445.83504668642,8.78257373109011,437.052472955329,"orange","",1764
"FUN_002921",453.423606955141,445.301986072399,8.12162088274226,437.180365189656,"orange","PCSK1_1",222
"FUN_023117",453.750587569253,445.063673944493,8.68691362476039,436.376760319732,"orange","",1315
"FUN_023284",455.037959088904,445.061431864321,9.97652722458326,435.084904639738,"orange","",1324
"FUN_030175",454.311787805247,444.82626720634,9.48552059890699,435.340746607433,"orange","FIBCD1_4",1692
"FUN_009555",453.005406960995,444.690804422602,8.3146025383935,436.376201884208,"orange","",588
"FUN_002572",451.372664779198,444.37160442083,7.00106035836825,437.370544062461,"orange","",205
"FUN_032756",457.392671519918,444.237075580609,13.1555959393098,431.081479641299,"orange","",1812
"FUN_006278",457.396694165436,443.35226901787,14.0444251475665,429.307843870303,"orange","PRDM8_2",422
"FUN_043906",452.520674460975,442.807114057983,9.71356040299179,433.093553654992,"orange","",2344
"FUN_044554",453.859415799977,442.70632665471,11.1530891452679,431.553237509442,"orange","GCNT1",2347
"FUN_015514",453.057742451744,442.371260521237,10.6864819305075,431.684778590729,"orange","SCRN2_1",896
"FUN_030487",451.438708319684,442.363279796462,9.07542852322285,433.287851273239,"orange","SYT15_2",1695
"FUN_014484",447.834038741678,440.970168325583,6.86387041609549,434.106297909487,"orange","VAT1L",821
"FUN_004874",454.059201823628,440.537345227479,13.5218565961481,427.015488631331,"orange","",335
"FUN_028556",451.269791267454,440.531932048984,10.7378592184694,429.794072830515,"orange","",1579
"FUN_015423",448.337275560355,439.40155563834,8.93571992201549,430.465835716324,"orange","GRIA2_5",891
"FUN_006751",447.496133719365,439.396530261197,8.09960345816813,431.296926803029,"orange","",443
"FUN_031340",448.381451274193,439.354285984735,9.02716528945746,430.327120695278,"orange","gpb5",1749
"FUN_015483",447.486942004427,439.269635797514,8.21730620691307,431.052329590601,"orange","",896
"FUN_022784",449.706630982246,439.112346468034,10.5942845142121,428.518061953822,"orange","NPSR1_4",1297
"FUN_028264",454.643035295796,438.936318942241,15.7067163535551,423.229602588686,"orange","",1571
"FUN_006545",447.969620534283,437.76315145921,10.2064690750731,427.556682384136,"orange","RAP1GAP",434
"FUN_029461",445.222195906328,437.713210538853,7.50898536747519,430.204225171377,"orange","",1651
"FUN_039466",444.252224913453,437.580638326133,6.67158658732018,430.909051738813,"orange","",2145
"FUN_024838",445.501795331951,437.462660777232,8.03913455471854,429.423526222514,"orange","",1396
"FUN_035583",445.060466404575,437.382829935597,7.67763646897737,429.70519346662,"orange","",1944
"FUN_022436",448.34079965898,436.001494935701,12.3393047232797,423.662190212421,"orange","",1273
"FUN_034108",442.715703732154,435.78721757022,6.92848616193425,428.858731408286,"orange","",1890
"FUN_028953",443.32454016547,435.277552842654,8.04698732281577,427.230565519838,"orange","",1601
"FUN_011391",447.188550230868,435.140842550975,12.0477076798929,423.093134871082,"orange","",673
"FUN_008973",442.531707856577,434.598209289001,7.93349856757652,426.664710721424,"orange","",558
"FUN_045713",444.945100557215,433.886907689558,11.0581928676572,422.828714821901,"orange","ERAP1",2356
"FUN_001155",446.308409799207,433.446336443623,12.8620733555838,420.584263088039,"orange","KLC4",117
"FUN_011737",442.391792664847,433.328837872062,9.06295479278464,424.265883079278,"orange","",687
"FUN_031645",441.794924372902,432.845980253384,8.94894411951856,423.897036133865,"orange","GRIA2_10",1763
"FUN_007978",450.843868381172,432.09419054349,18.7496778376821,413.344512705808,"orange","KCNK9_2",516
"FUN_006302",439.021419864485,431.995501862157,7.02591800232756,424.96958385983,"orange","",423
"FUN_020056",438.187849317553,431.706060416822,6.48178890073041,425.224271516092,"orange","",1147
"FUN_018014",440.948400852046,431.408265038585,9.54013581346027,421.868129225125,"orange","",1033
"FUN_013614",440.382828814279,430.912398535735,9.47043027854465,421.44196825719,"orange","APBB2",769
"FUN_006839",437.770631831427,430.46704555915,7.3035862722773,423.163459286872,"orange","",445
"FUN_021169",439.648479583684,429.797485339743,9.85099424394036,419.946491095803,"orange","KIF5B",1202
"FUN_037252",436.145223378799,428.829708161629,7.31551521716995,421.514192944459,"orange","GPR98_5",2033
"FUN_013242",437.392322409627,428.540766886798,8.85155552282896,419.689211363969,"orange","",751
"FUN_026451",436.634954140005,428.518159830169,8.11679430983577,420.401365520334,"orange","CACNG7_1",1458
"FUN_017412",438.086441555742,428.342443985809,9.74399756993279,418.598446415876,"orange","",1007
"FUN_028073",438.783440780232,428.218089173219,10.565351607013,417.652737566206,"orange","",1556
"FUN_015766",443.098376082763,427.909451263705,15.1889248190587,412.720526444646,"orange","",901
"FUN_015094",437.249897824474,427.792308163015,9.45758966145905,418.334718501556,"orange","PGM2",869
"FUN_003772",436.925877340869,427.701510425027,9.22436691584164,418.477143509185,"orange","",286
"FUN_041490",441.140893406672,427.685858161376,13.455035245296,414.23082291608,"orange","GDI1",2242
"FUN_015479",434.781857905796,426.913185530958,7.86867237483835,419.04451315612,"orange","",896
"FUN_007487",436.508224799501,426.509121179662,9.9991036198391,416.510017559822,"orange","",477
"FUN_036694",433.393426740855,426.275083768936,7.11834297191837,419.156740797018,"orange","NPFFR2_3",1986
"FUN_044882",436.215995827214,425.83417754127,10.3818182859443,415.452359255326,"orange","",2351
"FUN_043854",433.292630758606,425.602523529601,7.69010722900532,417.912416300596,"orange","DPP10_1",2343
"FUN_034231",433.890063408813,425.58537542865,8.30468798016301,417.280687448487,"orange","",1897
"FUN_017531",432.434304250735,424.417934179042,8.01637007169296,416.401564107349,"orange","",1011
"FUN_041716",434.08198410947,424.313858684861,9.76812542460914,414.545733260251,"orange","",2250
"FUN_036719",431.911690579979,424.240019997398,7.6716705825815,416.568349414816,"orange","",1989
"FUN_020069",431.345659776409,423.708262740237,7.63739703617244,416.070865704064,"orange","GABRA4_3",1147
"FUN_033675",431.193911797442,423.6862217993,7.50768999814198,416.178531801158,"orange","ACT1",1876
"FUN_043450",433.042038751574,423.673303431116,9.36873532045769,414.304568110659,"orange","NRXN2_2",2335
"FUN_035957",431.386624896361,423.642397254245,7.74422764211573,415.89816961213,"orange","",1956
"FUN_012839",435.089763169953,423.374622425706,11.7151407442465,411.65948168146,"orange","ACTR1A",742
"FUN_029920",430.712554344174,422.92457888217,7.78797546200411,415.136603420165,"orange","SYT11",1683
"FUN_022235",433.055994342412,422.887153068359,10.1688412740536,412.718311794305,"orange","",1259
"FUN_044085",429.409016373279,422.792804655471,6.6162117178078,416.176592937663,"orange","GABBR2_2",2344
"FUN_046783",429.626378361488,422.34219241396,7.2841859475285,415.058006466431,"orange","",1683
"FUN_025547",429.292229546787,422.093560060262,7.19866948652458,414.894890573738,"orange","",1427
"FUN_016029",429.871899182713,421.99279461996,7.87910456275296,414.113690057207,"orange","",922
"FUN_033100",428.551230537697,421.691873348696,6.85935718900117,414.832516159695,"orange","",1830
"FUN_002886",431.746732189564,420.77478959729,10.971942592274,409.802847005016,"orange","",222
"FUN_003788",426.778124317674,420.045739470577,6.73238484709623,413.313354623481,"orange","TSPAN33",286
"FUN_046818",433.694216200903,419.973386423807,13.7208297770962,406.252556646711,"orange","ZDHHC14_3",182
"FUN_012427",426.761498381289,419.925010488218,6.83648789307045,413.088522595148,"orange","NRSN1",713
"FUN_021182",428.358420000339,419.165227065983,9.19319293435575,409.972034131627,"orange","",1202
"FUN_047176",426.271176500264,419.150411123118,7.12076537714563,412.029645745973,"orange","",896
"FUN_013097",429.567353741569,418.904229122248,10.6631246193215,408.241104502926,"orange","",746
"FUN_033765",431.853273458784,418.845552274856,13.0077211839277,405.837831090928,"orange","PDE11A_1",1877
"FUN_002834",428.417795149893,418.599310686209,9.818484463684,408.780826222525,"orange","NELL1",218
"FUN_007934",426.274830449418,418.504126076343,7.7707043730752,410.733421703268,"orange","KCTD16",515
"FUN_000864",425.425188360172,418.38137406484,7.04381429533203,411.337559769508,"orange","TPH1",86
"FUN_017300",428.907255302226,417.919168605812,10.9880866964139,406.931081909398,"orange","",1005
"FUN_004346",426.245727108713,417.505092124908,8.74063498380536,408.764457141102,"orange","",318
"FUN_005455",427.037771448258,416.509746509053,10.5280249392049,405.981721569848,"orange","",368
"FUN_003247",424.139522600016,416.253911423317,7.88561117669985,408.368300246617,"orange","CA10_2",257
"FUN_020400",422.744492256145,415.574866576255,7.16962567988998,408.405240896365,"orange","",1160
"FUN_013511",427.772322027471,415.240464298534,12.5318577289376,402.708606569596,"orange","KIF3A",769
"FUN_033979",427.21496043774,414.166758846014,13.0482015917258,401.118557254288,"orange","",1887
"FUN_046956",430.661131764973,413.431316617529,17.2298151474443,396.201501470085,"orange","",2287
"FUN_047150",421.493308714324,413.422286120273,8.07102259405042,405.351263526223,"orange","",755
"FUN_011290",425.701721803382,413.220109006968,12.4816127964143,400.738496210554,"orange","SNX4",664
"FUN_047198",426.752484701955,413.173287714827,13.5791969871282,399.594090727699,"orange","",961
"FUN_014418",421.732272599444,412.460280252117,9.271992347327,403.18828790479,"orange","",821
"FUN_016600",429.710983035214,411.38310074815,18.3278822870639,393.055218461087,"orange","PLSCR1",961
"FUN_015768",423.561060225006,411.370593039571,12.1904671854344,399.180125854137,"orange","MMP21_2",901
"FUN_018619",431.060526217098,411.214935314105,19.845590902993,391.369344411112,"orange","",1070
"FUN_021528",421.007859986142,411.032133160703,9.97572682543927,401.056406335263,"orange","",1218
"FUN_024350",417.834300046206,410.936903858218,6.89739618798791,404.03950767023,"orange","",1374
"FUN_010601",418.471730883439,410.890613944195,7.58111693924366,403.309497004952,"orange","CPK17",630
"FUN_013096",419.295270161898,410.696264087389,8.59900607450851,402.097258012881,"orange","",746
"FUN_003803",424.384900410913,410.494731262913,13.8901691479992,396.604562114914,"orange","",286
"FUN_028628",425.882077262355,409.195782498177,16.6862947641782,392.509487733998,"orange","KCNK9_3",1583
"FUN_013213",424.695060129742,408.684610387458,16.0104497422844,392.674160645173,"orange","",749
"FUN_045712",422.227594303898,408.275004438428,13.9525898654699,394.322414572958,"orange","",2356
"FUN_005861",417.824551428625,408.002201988273,9.82234944035218,398.179852547921,"orange","",395
"FUN_015370",420.850071377529,407.129134252957,13.7209371245719,393.408197128385,"orange","",885
"FUN_027504",415.807273389725,406.699793226293,9.10748016343177,397.592313062862,"orange","",1522
"FUN_007787",428.37447981266,406.63141822442,21.7430615882403,384.88835663618,"orange","",506
"FUN_003738",420.088208474232,406.577751129175,13.5104573450573,393.067293784118,"orange","",283
"FUN_016682",413.865290252251,406.256541820848,7.608748431403,398.647793389445,"orange","",966
"FUN_012357",417.866795764738,406.170278948668,11.6965168160698,394.473762132599,"orange","",710
"FUN_001376",416.993507875769,405.188384981574,11.8051228941944,393.38326208738,"orange","STO2",130
"FUN_014746",416.652950936109,404.638117502226,12.0148334338835,392.623284068342,"orange","",846
"FUN_020709",418.836891180826,404.602021028615,14.2348701522112,390.367150876404,"orange","SYNGR1",1192
"FUN_013196",421.708834784283,403.53404172185,18.1747930624322,385.359248659418,"orange","",749
"FUN_029162",412.891383526987,403.066503091089,9.8248804358978,393.241622655191,"orange","gar-1",1619
"FUN_044398",417.63668367302,401.970978952192,15.6657047208285,386.305274231363,"orange","DCTN1",2347
"FUN_035057",409.453370732243,401.05024085068,8.40312988156307,392.647110969117,"orange","",1919
"FUN_043812",407.05158919733,398.562617501454,8.48897169587588,390.073645805578,"orange","",2342
"FUN_024609",408.437207719351,398.065611289289,10.3715964300619,387.694014859227,"orange","",1386
"FUN_005218",410.682465580595,397.914711113147,12.7677544674485,385.146956645698,"orange","DAG1_1",363
"FUN_007942",411.48760948727,397.565775764572,13.9218337226981,383.643942041874,"orange","MTMR6",515
"FUN_037412",406.085052036316,397.539072415674,8.54597962064128,388.993092795033,"orange","",2042
"FUN_026945",408.428299898355,397.118315444557,11.3099844537978,385.808330990759,"orange","",1493
"FUN_025224",407.037146382915,396.904624417103,10.132521965812,386.772102451291,"orange","",1411
"FUN_010723",405.600924100906,396.753488555813,8.84743554509276,387.906053010721,"orange","TUB2_1",632
"FUN_015999",404.35962769501,396.611399261927,7.74822843308294,388.863170828844,"orange","RASL10B",922
"FUN_028569",403.268207595886,396.598679286752,6.66952830913448,389.929150977617,"orange","",1579
"FUN_022649",403.27315580153,396.457157320384,6.81599848114615,389.641158839238,"orange","GLRA3_4",1292
"FUN_029452",405.094329148225,395.670235749236,9.42409339898825,386.246142350248,"orange","MAP2",1651
"FUN_014332",416.603082679502,394.951233761061,21.6518489184412,373.299384842619,"orange","CHL1_3",817
"FUN_038957",419.151495701139,394.25360669338,24.8978890077593,369.355717685621,"orange","",2121
"FUN_029568",408.346977043275,394.070450932373,14.2765261109026,379.79392482147,"orange","KCNK1",1661
"FUN_039677",411.050032248067,393.552255937134,17.4977763109334,376.0544796262,"orange","",2158
"FUN_012521",414.514475488123,393.32730659305,21.1871688950732,372.140137697977,"orange","",716
"FUN_026824",401.300471930226,393.303373017176,7.99709891304929,385.306274104127,"orange","",1476
"FUN_024218",407.341023757702,393.254902126826,14.0861216308756,379.16878049595,"orange","ROR1_1",1359
"FUN_006840",401.177118940845,392.848987867074,8.32813107377046,384.520856793304,"orange","",445
"FUN_017254",402.638744814515,392.358380567346,10.2803642471696,382.078016320176,"orange","CHL1_5",1005
"FUN_005664",405.243948738409,392.24070620107,13.003242537339,379.237463663731,"orange","",380
"FUN_004836",399.98744174765,392.137100951895,7.8503407957553,384.28676015614,"orange","",335
"FUN_001624",400.338614214391,391.71384484888,8.62476936551053,383.08907548337,"orange","",147
"FUN_018357",398.500227289172,390.859188660117,7.64103862905512,383.218150031062,"orange","ABCB9",1050
"FUN_038951",408.605345395742,390.619028720983,17.9863166747588,372.632712046224,"orange","",2121
"FUN_020497",400.98283323566,390.569978196114,10.4128550395457,380.157123156568,"orange","",1177
"FUN_046004",398.984215174313,390.236019030547,8.74819614376537,381.487822886782,"orange","SYT16",2358
"FUN_034459",404.089481277055,388.647150092727,15.4423311843279,373.204818908399,"orange","PITX2",1903
"FUN_018374",398.599422826924,387.906447607046,10.6929752198772,377.213472387169,"orange","PAFAH1B1",1050
"FUN_023411",406.071789160048,387.729013674392,18.3427754856564,369.386238188735,"orange","",1326
"FUN_009263",394.342558720732,387.090768467124,7.25179025360876,379.838978213515,"orange","",570
"FUN_027485",411.550200180783,386.656177356681,24.8940228241016,361.76215453258,"orange","FSTL5",1522
"FUN_023780",398.694892200812,386.225940308169,12.4689518926435,373.756988415525,"orange","UPP1_2",1338
"FUN_034301",393.703569002823,385.404040321404,8.29952868141856,377.104511639985,"orange","",1899
"FUN_039178",391.672249730026,385.390409155664,6.28184057436175,379.108568581303,"orange","SYT12",2129
"FUN_003299",392.739880651941,384.716765247281,8.02311540465979,376.693649842621,"orange","TSPAN7_1",259
"FUN_010045",397.650155151378,384.378066661719,13.2720884896582,371.105978172061,"orange","",610
"FUN_019186",393.005500307289,384.130387352175,8.87511295511342,375.255274397062,"orange","WISP1",1102
"FUN_009475",406.883327644894,383.415236129426,23.4680915154686,359.947144613957,"orange","ABCG2_1",585
"FUN_008790",397.70401146029,383.292509129058,14.411502331232,368.881006797826,"orange","TACC2",552
"FUN_013736",403.819591738115,382.675192693823,21.1443990442929,361.53079364953,"orange","",773
"FUN_017425",391.544321282827,382.611372270051,8.93294901277585,373.678423257275,"orange","",1007
"FUN_043312",397.791094600254,382.59810733044,15.1929872698136,367.405120060627,"orange","",2332
"FUN_039067",388.717884742954,380.791710230689,7.92617451226471,372.865535718424,"orange","",2125
"FUN_014938",387.226932413992,380.562291969689,6.66464044430285,373.897651525386,"orange","",857
"FUN_017255",387.069303066103,380.008445834768,7.06085723133481,372.947588603433,"orange","",1005
"FUN_014022",391.581505373221,379.775307770628,11.806197602593,367.969110168035,"orange","POLD4",798
"FUN_044023",388.209866836928,379.672529290411,8.53733754651722,371.135191743894,"orange","",2344
"FUN_033990",390.453683840668,379.585049316718,10.8686345239493,368.716414792769,"orange","",1887
"FUN_013482",388.035807373667,378.998993397106,9.03681397656089,369.962179420545,"orange","TRIM2_1",769
"FUN_008051",390.045938990304,377.877607113226,12.1683318770781,365.709275236148,"orange","",520
"FUN_008747",391.698209837956,377.593843287408,14.1043665505484,363.48947673686,"orange","",550
"FUN_042887",387.882334449226,376.04871397445,11.8336204747762,364.215093499674,"orange","DYNC1I2",2322
"FUN_021596",389.737619662393,375.838117029836,13.8995026325573,361.938614397279,"orange","",1225
"FUN_035930",382.205038731834,374.134917478673,8.07012125316044,366.064796225513,"orange","",1956
"FUN_043114",387.178570735879,373.21958272843,13.9589880074491,359.260594720981,"orange","TENM2",2329
"FUN_042886",384.10825127806,372.850853246516,11.2573980315437,361.593455214972,"orange","",2322
"FUN_031103",384.162347206423,372.647821715587,11.5145254908352,361.133296224752,"orange","",1730
"FUN_009348",381.654832893938,372.147656818249,9.50717607568907,362.64048074256,"orange","",577
"FUN_015670",389.622892015306,371.827075092419,17.7958169228876,354.031258169531,"orange","ABCG5_5",900
"FUN_041677",381.28495505159,371.795079768464,9.48987528312614,362.305204485338,"orange","PRKAR1A",2246
"FUN_010802",377.80389768812,371.156399170803,6.64749851731693,364.508900653486,"orange","PTH1R_1",636
"FUN_017692",381.301831395523,370.553710097421,10.7481212981024,359.805588799318,"orange","",1018
"FUN_025039",379.329363140134,369.933453793404,9.39590934673043,360.537544446673,"orange","",1406
"FUN_008219",378.268476513117,369.894299339879,8.37417717323859,361.52012216664,"orange","Calm2_3",528
"FUN_024298",387.696517917719,369.641390325179,18.0551275925397,351.586262732639,"orange","",1367
"FUN_046825",381.516334850352,369.241479425677,12.2748554246746,356.966624001002,"orange","KLHL36",1888
"FUN_014397",385.817182920863,369.23747516084,16.5797077600233,352.657767400817,"orange","",820
"FUN_030956",387.502324107413,368.692009924112,18.8103141833008,349.881695740811,"orange","GLRA3_5",1724
"FUN_034785",381.644303211049,368.336357996707,13.3079452143423,355.028412782365,"orange","",1912
"FUN_044471",378.512317204406,367.544028937582,10.9682882668245,356.575740670758,"orange","",2347
"FUN_045445",376.508364664932,366.902057623763,9.60630704116835,357.295750582595,"orange","RTEL1",2355
"FUN_035846",386.51063444734,366.777603762814,19.7330306845255,347.044573078289,"orange","ARL6IP1",1953
"FUN_040579",380.507031624462,366.548510303706,13.9585213207559,352.58998898295,"orange","CACFD1",2206
"FUN_046717",380.300783996594,366.298659377293,14.0021246193007,352.296534757992,"orange","VAMP1",1386
"FUN_041897",376.023402883432,366.28731096511,9.73609191832202,356.551219046788,"orange","VAMP4",2262
"FUN_010953",371.959224259309,365.778525604311,6.18069865499871,359.597826949312,"orange","MMEL1_2",643
"FUN_027687",375.9778083122,365.731791830124,10.2460164820759,355.485775348048,"orange","",1533
"FUN_045091",385.6112005033,365.420604391233,20.1905961120675,345.230008279165,"orange","WBP2",2352
"FUN_028080",374.825110639389,365.317619365058,9.50749127433102,355.810128090727,"orange","",1558
"FUN_034815",370.475150997451,364.568389760916,5.90676123653435,358.661628524382,"orange","",1912
"FUN_008401",372.642248875993,363.199565858699,9.44268301729403,353.756882841405,"orange","",535
"FUN_015992",374.277961529032,363.004682135688,11.2732793933444,351.731402742343,"orange","SGSM2",922
"FUN_033957",368.885046014157,362.904295226819,5.98075078733791,356.923544439481,"orange","",1887
"FUN_017065",380.727604738984,361.986156748527,18.7414479904564,343.244708758071,"orange","PDE9A",988
"FUN_037479",371.870489033143,361.410943220239,10.4595458129041,350.951397407335,"orange","DENND11",2047
"FUN_013832",371.292875985533,360.510837533693,10.7820384518396,349.728799081853,"orange","GABRA4_1",780
"FUN_037177",366.868541990638,358.139211947897,8.72933004274159,349.409881905155,"orange","OR1L8_7",2023
"FUN_022654",372.537549083245,357.590380587242,14.9471684960029,342.643212091239,"orange","ATP8A1",1292
"FUN_040727",367.207809101171,356.117848055238,11.0899610459325,345.027887009306,"orange","",2210
"FUN_013109",372.213370014861,356.048163921113,16.1652060937474,339.882957827366,"orange","",747
"FUN_030128",362.680016733155,355.932088285288,6.74792844786765,349.18415983742,"orange","",1691
"FUN_039723",379.915033942094,355.367215779524,24.5478181625704,330.819397616954,"orange","",2160
"FUN_011179",365.541971878138,355.273685034753,10.2682868433856,345.005398191367,"orange","",662
"FUN_045420",374.139344321827,354.956612942593,19.1827313792332,335.77388156336,"orange","",2355
"FUN_013030",364.579961483166,354.392849438763,10.1871120444029,344.20573739436,"orange","DCTN2",746
"FUN_036041",388.793791043029,354.158250982348,34.6355400606807,319.522710921667,"greenyellow","",1961
"FUN_002838",363.544004755412,353.950566123717,9.59343863169516,344.357127492022,"orange","",218
"FUN_010530",362.1634271669,353.853014455846,8.31041271105403,345.542601744792,"orange","",628
"FUN_042883",365.398897997472,353.631137152696,11.767760844776,341.86337630792,"orange","",2322
"FUN_040854",384.48268784789,353.557786661554,30.924901186336,322.632885475218,"violet","",2218
"FUN_036064",386.291508380647,353.292839001394,32.9986693792523,320.294169622142,"violet","",1961
"FUN_001475",369.737064095812,353.102829295039,16.6342348007727,336.468594494267,"orange","",138
"FUN_040430",384.605230154186,353.039924399909,31.5653057542773,321.474618645632,"violet","",2194
"FUN_040936",387.708820401177,353.013984904137,34.6948354970405,318.319149407096,"violet","",2218
"FUN_010081",387.788733572137,352.737741999206,35.0509915729308,317.686750426275,"violet","",613
"FUN_037136",370.69793880225,352.4400320277,18.25790677455,334.18212525315,"orange","KCTD10",2020
"FUN_040432",382.752405105645,351.682563382445,31.0698417231997,320.612721659245,"violet","",2194
"FUN_025190",360.846514958756,350.228514977466,10.61799998129,339.610514996176,"orange","",1411
"FUN_046827",360.895548031773,350.158097808567,10.7374502232053,339.420647585362,"orange","NF1_2",1892
"FUN_046615",364.231078490511,349.891287209121,14.3397912813901,335.551495927731,"orange","ROBO1_3",1045
"FUN_028625",379.687842265039,349.82640628446,29.8614359805783,319.964970303882,"violet","",1583
"FUN_010767",367.098291642046,349.401550953164,17.696740688882,331.704810264283,"orange","",634
"FUN_008636",364.593117702488,349.373818071551,15.219299630937,334.154518440614,"orange","STXBP1",547
"FUN_002649",357.153596865297,348.244186866158,8.90940999913983,339.334776867018,"orange","SLC4A7_2",207
"FUN_025409",366.995601556108,347.965554740372,19.0300468157361,328.935507924636,"orange","",1419
"FUN_030163",363.453316749367,347.657851040772,15.7954657085951,331.862385332177,"orange","",1691
"FUN_009016",380.119620381042,346.989571599725,33.1300487813172,313.859522818407,"violet","",560
"FUN_017190",376.94906481071,346.60127021201,30.3477945986996,316.25347561331,"violet","",1004
"FUN_020707",360.800286465633,346.376093248733,14.4241932168992,331.951900031834,"orange","",1192
"FUN_041157",377.294235991958,346.257820458162,31.0364155337954,315.221404924367,"greenyellow","MCM4",2232
"FUN_034230",353.778082648541,346.191824025371,7.58625862317075,338.6055654022,"orange","",1897
"FUN_040425",377.45898145954,345.97213923392,31.4868422256208,314.485297008299,"violet","",2194
"FUN_011926",356.12718916505,345.90472650876,10.2224626562903,335.68226385247,"orange","JMJD7",696
"FUN_018840",359.623986310449,345.656373647942,13.9676126625068,331.688760985435,"orange","",1087
"FUN_004828",354.436283395248,344.490600201859,9.94568319338975,334.544917008469,"orange","",335
"FUN_023554",350.893997122061,344.230925717984,6.66307140407781,337.567854313906,"orange","REM1_2",1332
"FUN_013785",359.70950593121,343.99099222654,15.7185137046701,328.27247852187,"orange","IAP2_1",778
"FUN_011742",374.698890473834,343.601627264736,31.0972632090981,312.504364055638,"violet","",687
"FUN_026949",355.777214277091,343.40316898309,12.3740452940007,331.02912368909,"orange","",1493
"FUN_023872",377.944370955525,342.99341784258,34.950953112945,308.042464729635,"greenyellow","ORC1",1341
"FUN_042144",376.908544073442,342.788395042287,34.1201490311543,308.668246011133,"violet","",2280
"FUN_009262",349.638633537016,342.634543308994,7.0040902280216,335.630453080973,"orange","SCG5",570
"FUN_020233",358.497905694914,342.520311212294,15.9775944826201,326.542716729674,"orange","CLVS1",1152
"FUN_009476",353.681499679503,342.268282225057,11.4132174544459,330.855064770611,"orange","ABCG5_1",585
"FUN_001507",380.940950128519,341.598495230877,39.3424548976421,302.256040333234,"violet","",138
"FUN_041858",348.774806378699,341.469673463726,7.30513291497277,334.164540548753,"orange","",2261
"FUN_006199",351.203846697575,341.344562392516,9.85928430505919,331.485278087457,"orange","",421
"FUN_011927",352.379229746466,341.24360927343,11.1356204730363,330.107988800394,"orange","",696
"FUN_046312",373.522280575154,340.849646991163,32.6726335839914,308.177013407172,"greenyellow","CDT1",2360
"FUN_045347",358.079310546497,340.482105023121,17.5972055233765,322.884899499744,"orange","UBE2B",2354
"FUN_034477",375.415308780727,340.40056738202,35.0147413987068,305.385825983314,"greenyellow","MSH4",1903
"FUN_028399",371.894763838077,339.982344861476,31.9124189766009,308.069925884875,"violet","",1576
"FUN_012321",350.665954010746,339.378621502259,11.2873325084868,328.091288993772,"orange","",709
"FUN_021339",353.443953433708,339.372374276132,14.0715791575753,325.300795118557,"orange","CDS1",1207
"FUN_009944",369.959940132339,339.340639195288,30.6193009370505,308.721338258238,"violet","",606
"FUN_031584",349.533146356234,339.15048995013,10.3826564061035,328.767833544027,"orange","",1757
"FUN_042712",348.148040088426,338.27748845807,9.87055163035643,328.406936827713,"orange","PLSCR3_2",2314
"FUN_040721",373.00246263604,338.171016915443,34.8314457205979,303.339571194845,"violet","",2210
"FUN_015452",365.583654261666,337.841060960962,27.7425933007043,310.098467660257,"violet","FCN2_7",896
"FUN_024557",372.563781847337,337.824497756183,34.739284091154,303.085213665029,"greenyellow","",1386
"FUN_024297",365.34548258938,337.798731107389,27.546751481991,310.251979625398,"orange","",1367
"FUN_021875",368.919193068743,337.701429004728,31.2177640640148,306.483664940713,"violet","",1234
"FUN_031492",356.460523314556,337.620544391077,18.8399789234788,318.780565467598,"orange","WBSCR27_3",1754
"FUN_040427",364.649746574985,336.861809175112,27.7879373998738,309.073871775238,"violet","",2194
"FUN_002944",367.36075835818,336.727932973311,30.6328253848686,306.095107588443,"violet","MUC3A_1",226
"FUN_011533",343.412544805395,336.393188100902,7.01935670449336,329.373831396409,"orange","RGS20",676
"FUN_003449",372.237955397968,336.250182963907,35.9877724340605,300.262410529847,"violet","",269
"FUN_022410",375.614881149013,336.168090340691,39.4467908083212,296.72129953237,"violet","HVCN1_10",1270
"FUN_016080",369.516149365887,336.136430541923,33.3797188239643,302.756711717958,"greenyellow","",934
"FUN_001699",369.536295904996,335.886523139035,33.6497727659603,302.236750373075,"violet","",156
"FUN_011779",379.573572570048,335.735102591518,43.8384699785294,291.896632612989,"greenyellow","ARMC1",687
"FUN_014536",365.741249268874,335.608353137911,30.1328961309633,305.475457006948,"violet","CUZD1_2",823
"FUN_001240",371.490034877269,335.604335323587,35.8856995536815,299.718635769906,"greenyellow","",122
"FUN_007671",374.665185394668,335.58403320824,39.0811521864284,296.502881021812,"greenyellow","ATAD5",503
"FUN_024119",343.537798019453,334.981713059209,8.55608496024348,326.425628098966,"orange","ELOVL7_2",1359
"FUN_036792",372.551871424857,334.920560571978,37.6313108528786,297.2892497191,"greenyellow","",1997
"FUN_029071",360.97578346254,334.904428635013,26.0713548275267,308.833073807486,"violet","",1606
"FUN_029919",341.525202992604,334.788889378285,6.73631361431893,328.052575763966,"orange","",1683
"FUN_010080",362.64632589515,334.737501091959,27.9088248031907,306.828676288768,"violet","",613
"FUN_008727",374.743765138771,334.490195926153,40.2535692126177,294.236626713535,"violet","",549
"FUN_024120",348.941498831973,334.379458844626,14.5620399873466,319.81741885728,"orange","PTCHD3_7",1359
"FUN_022701",351.496015006942,334.294420690722,17.2015943162201,317.092826374502,"orange","KCNIP4",1294
"FUN_001201",343.457376899242,334.277750320802,9.17962657844021,325.098123742362,"orange","RUFY1",120
"FUN_032257",364.243881296538,334.217654363767,30.0262269327706,304.191427430996,"greenyellow","STARD7_3",1787
"FUN_036988",368.972418146623,334.208458543135,34.7639596034887,299.444498939646,"violet","BIRC2_54",2008
"FUN_037000",352.04845655273,333.954169319867,18.0942872328623,315.859882087005,"orange","LRPAP1",2010
"FUN_038879",358.932555932855,333.730345498535,25.2022104343199,308.528135064215,"orange","",2114
"FUN_009178",351.863428788781,332.927065166863,18.9363636219181,313.990701544945,"orange","DYNC1LI1",569
"FUN_013575",360.141288672401,332.647318586106,27.4939700862946,305.153348499812,"violet","NIPAL1_1",769
"FUN_016135",364.109894706853,332.616779051075,31.4931156557776,301.123663395298,"violet","",936
"FUN_017689",366.121462226194,332.436112858483,33.6853493677111,298.750763490772,"violet","",1018
"FUN_015424",340.245387194988,331.981653150686,8.26373404430211,323.717919106384,"orange","GRIA4",891
"FUN_028676",363.722628384181,331.958952165375,31.763676218806,300.195275946569,"violet","",1591
"FUN_036986",369.35199885225,331.812785580086,37.5392132721639,294.273572307922,"violet","IAP2_2",2008
"FUN_017830",372.936767435213,331.78038375108,41.156383684133,290.624000066947,"greenyellow","",1025
"FUN_021814",363.703452621756,330.524803148435,33.1786494733205,297.346153675115,"violet","",1234
"FUN_037254",359.56154458599,330.061942708043,29.4996018779472,300.562340830095,"violet","",2033
"FUN_012966",359.787306322975,329.942520756496,29.8447855664791,300.097735190017,"violet","",746
"FUN_015707",359.35515941057,329.822979946641,29.532179463929,300.290800482712,"violet","DEGS1_2",901
"FUN_026185",363.698051537363,329.773469353098,33.9245821842654,295.848887168833,"violet","",1441
"FUN_027684",367.670063563466,329.521728489516,38.14833507395,291.373393415566,"violet","",1533
"FUN_004542",342.763125141854,329.493789506875,13.2693356349794,316.224453871895,"orange","inafm2",327
"FUN_041400",369.993619995087,329.398607791063,40.595012204024,288.803595587039,"greenyellow","NEDD1",2242
"FUN_013697",342.544906376644,329.058496395862,13.4864099807822,315.57208641508,"orange","SNX25",773
"FUN_034510",365.923680640689,328.946056137664,36.9776245030254,291.968431634638,"greenyellow","",1903
"FUN_017386",346.076298459161,328.535798068223,17.5405003909381,310.995297677285,"orange","NAALAD2_3",1007
"FUN_046118",367.637814565723,328.362103336042,39.275711229681,289.086392106361,"greenyellow","EXO1",2359
"FUN_041282",340.189445583101,328.354688914126,11.8347566689747,316.519932245152,"orange","VPS33B",2234
"FUN_035719",344.397932437687,328.094879116061,16.3030533216253,311.791825794436,"orange","",1953
"FUN_008610",340.959314760315,327.949967266149,13.0093474941659,314.940619771984,"orange","",547
"FUN_001238",340.882613280097,327.941134278393,12.9414790017049,314.999655276688,"orange","GNB4",122
"FUN_014237",362.97659799759,327.86921124673,35.1073867508605,292.761824495869,"violet","",809
"FUN_041148",344.282109898078,327.409568358368,16.8725415397104,310.537026818658,"orange","",2232
"FUN_027938",359.151696850662,327.197456763683,31.9542400869792,295.243216676704,"violet","",1550
"FUN_040402",361.247738370258,327.023572935613,34.2241654346448,292.799407500969,"greenyellow","",2194
"FUN_045796",353.025610540058,326.935809884727,26.0898006553307,300.846009229397,"violet","Tspan18_14",2357
"FUN_044124",354.343803042235,326.617392451041,27.7264105911938,298.890981859847,"greenyellow","SYCP3",2344
"FUN_028626",354.516221956974,326.414415301793,28.1018066551811,298.312608646612,"violet","",1583
"FUN_026183",364.513713642066,326.200953819796,38.3127598222702,287.888193997526,"violet","",1441
"FUN_000052",370.426693033129,326.163604953876,44.2630880792532,281.900516874623,"greenyellow","MKI67",32
"FUN_045554",357.730267166008,326.120555108096,31.6097120579122,294.510843050183,"violet","ADAM10_2",2356
"FUN_035897",356.314569539442,325.994587556934,30.3199819825082,295.674605574425,"violet","FOXJ1",1956
"FUN_015564",369.602657554839,325.711765554245,43.8908920005936,281.820873553651,"greenyellow","",896
"FUN_042242",356.600553967516,325.516722459223,31.083831508293,294.43289095093,"greenyellow","APEX1",2292
"FUN_045839",334.36872908543,325.41223220145,8.95649688398055,316.455735317469,"orange","B3GALT1_8",2357
"FUN_042926",353.669198737018,325.285315208193,28.3838835288254,296.901431679368,"violet","",2323
"FUN_003328",355.968956221397,325.003803625014,30.965152596383,294.038651028631,"violet","",261
"FUN_013524",342.95019058648,324.838726401719,18.1114641847608,306.727262216958,"orange","NDFIP1",769
"FUN_016264",342.593091428202,324.738047498021,17.8550439301814,306.883003567839,"orange","ZNFX1_5",944
"FUN_030211",354.422253513299,324.485570625999,29.9366828872999,294.548887738699,"violet","CDH23_3",1693
"FUN_022403",352.532992546264,324.448433797729,28.0845587485348,296.363875049194,"violet","",1268
"FUN_002836",335.42509786512,324.102880657136,11.3222172079842,312.780663449152,"orange","NELL2",218
"FUN_016786",335.087365186444,324.037580389059,11.0497847973846,312.987795591675,"orange","HCN3_1",977
"FUN_012843",363.18286946359,323.646747224061,39.536122239529,284.110624984532,"violet","TNIP2",742
"FUN_024690",368.853105485379,323.256327781965,45.5967777034143,277.659550078551,"violet","TNFRSF11B",1386
"FUN_008765",348.769666794451,323.248615353165,25.5210514412859,297.727563911879,"greenyellow","",550
"FUN_042563",353.660404836318,323.163746689427,30.4966581468915,292.667088542535,"violet","",2311
"FUN_015871",357.604981486435,323.074149102929,34.5308323835056,288.543316719424,"greenyellow","PRDM9",908
"FUN_039009",337.188143776228,322.656004251977,14.5321395242509,308.123864727726,"orange","",2123
"FUN_020276",352.151009476793,322.638600318718,29.5124091580742,293.126191160644,"greenyellow","",1155
"FUN_015625",330.564282097004,322.539397225822,8.02488487118205,314.51451235464,"orange","",898
"FUN_008537",356.012541012403,322.50058704891,33.5119539634936,288.988633085416,"violet","",545
"FUN_028623",357.286283817128,322.453035815292,34.8332480018353,287.619787813457,"violet","",1583
"FUN_035512",357.867500063534,322.225747890458,35.6417521730753,286.583995717383,"greenyellow","",1941
"FUN_029168",363.893324914227,322.166335370468,41.7269895437591,280.439345826709,"greenyellow","SMC4",1621
"FUN_026836",352.69177234974,321.701678889966,30.9900934597746,290.711585430191,"violet","",1476
"FUN_041929",367.129896615896,321.657677918166,45.4722186977302,276.185459220436,"greenyellow","KIFC1",2270
"FUN_019548",331.933313461109,321.625860133317,10.3074533277919,311.318406805525,"orange","",1123
"FUN_027758",336.103765575001,321.621850710379,14.4819148646226,307.139935845756,"orange","EFCAB14",1542
"FUN_030894",341.727059048685,321.533326511882,20.1937325368027,301.33959397508,"orange","",1717
"FUN_034257",347.058121989609,321.475127199008,25.5829947906018,295.892132408406,"greenyellow","",1899
"FUN_012878",353.492200532791,321.402668326643,32.0895322061488,289.313136120494,"violet","",746
"FUN_012189",358.016685517261,321.247297967522,36.7693875497393,284.477910417783,"violet","",708
"FUN_004890",354.340207954487,321.026959323079,33.3132486314079,287.713710691671,"orange","UNC93A_1",335
"FUN_027584",361.776190840554,320.95994674551,40.8162440950433,280.143702650467,"violet","BIRC7_9",1523
"FUN_036948",364.571181670125,320.6748196466,43.8963620235246,276.778457623075,"violet","BIRC2_47",2008
"FUN_014591",364.548819018612,320.617200656979,43.9316183616328,276.685582295346,"violet","",828
"FUN_014527",331.612212536672,320.521944380102,11.0902681565707,309.431676223531,"orange","SPTAN1",823
"FUN_025469",337.068369407416,320.367706311398,16.7006630960175,303.667043215381,"orange","",1422
"FUN_038737",333.894233222327,320.178381438893,13.7158517834343,306.462529655458,"orange","",2098
"FUN_010791",348.378630383962,319.967199355432,28.4114310285296,291.555768326903,"greenyellow","",636
"FUN_011170",354.820460446599,319.9246681237,34.8957923228991,285.028875800801,"violet","",662
"FUN_017763",347.792450731988,319.599755194888,28.1926955371004,291.407059657787,"violet","",1024
"FUN_017361",348.714733707956,319.353051491545,29.3616822164113,289.991369275133,"violet","",1007
"FUN_023224",334.385939666717,319.266687975892,15.1192516908247,304.147436285068,"orange","EXT2",1322
"FUN_043268",340.681077854055,319.201852232626,21.4792256214288,297.722626611197,"orange","BRMS1L",2332
"FUN_040365",345.239714292903,319.16780666343,26.0719076294731,293.095899033957,"orange","",2191
"FUN_008530",341.392720919492,318.981541456324,22.4111794631684,296.570361993156,"greenyellow","",545
"FUN_018224",352.119287443792,318.911032663057,33.2082547807358,285.702777882321,"violet","",1042
"FUN_042260",348.249210308597,318.834920098262,29.4142902103347,289.420629887927,"orange","",2296
"FUN_012729",328.614498198678,318.71303732771,9.90146087096838,308.811576456741,"orange","PDE1C",735
"FUN_015066",344.479901312762,318.674855273598,25.8050460391638,292.869809234434,"greenyellow","ARHGAP19_1",865
"FUN_043159",355.572699258852,318.592180203177,36.980519055675,281.611661147502,"violet","",2330
"FUN_032626",344.600703716581,318.568766372566,26.0319373440156,292.53682902855,"violet","unc-93_3",1802
"FUN_014773",364.249291528714,318.4342763918,45.8150151369142,272.619261254885,"greenyellow","CASC5",846
"FUN_026103",334.607992235375,318.228034496573,16.3799577388027,301.84807675777,"orange","",1434
"FUN_003677",325.926229124505,318.207563551723,7.71866557278156,310.488897978941,"orange","HTR7_1",277
"FUN_019759",345.495267430082,318.017353861346,27.4779135687361,290.53944029261,"violet","",1140
"FUN_019583",357.574371143809,317.294782138095,40.2795890057142,277.015193132381,"greenyellow","",1123
"FUN_020906",342.598500724796,317.119425726287,25.4790749985094,291.640350727778,"violet","",1196
"FUN_008577",351.391165049724,316.749595116312,34.6415699334119,282.108025182901,"violet","",546
"FUN_001680",345.608400664998,316.714023283257,28.8943773817407,287.819645901517,"greenyellow","MEC2_4",152
"FUN_029619",357.300475463037,316.362221186164,40.9382542768728,275.423966909291,"violet","",1664
"FUN_024324",356.67685461269,316.330699580463,40.3461550322268,275.984544548236,"greenyellow","KIF4A_2",1369
"FUN_003629",366.629799276747,316.205421951923,50.4243773248235,265.7810446271,"greenyellow","ANP32A",273
"FUN_044847",360.62888965742,316.166241769719,44.4626478877016,271.703593882017,"greenyellow","NUSAP1",2350
"FUN_010159",331.02845896847,316.15439270818,14.8740662602896,301.280326447891,"orange","CACNA2D1",614
"FUN_021538",348.108477712447,315.962740588633,32.1457371238141,283.817003464819,"violet","",1219
"FUN_040428",341.797547690792,315.800578947637,25.996968743155,289.803610204482,"violet","",2194
"FUN_017694",348.219029046007,315.735683585762,32.4833454602449,283.252338125517,"violet","",1018
"FUN_027934",342.309103169807,315.416172252754,26.8929309170534,288.523241335701,"violet","",1550
"FUN_030680",344.913376267766,315.22781823643,29.685558031336,285.542260205094,"greenyellow","",1702
"FUN_003116",350.538378012144,314.883952134357,35.6544258777868,279.22952625657,"violet","",236
"FUN_037059",338.033794717051,314.82989302159,23.2039016954607,291.62599132613,"greenyellow","HIRIP3",2018
"FUN_030116",340.841213953212,314.751698852576,26.0895151006362,288.662183751939,"violet","",1691
"FUN_017921",328.714913069483,314.689888437453,14.0250246320301,300.664863805422,"orange","FAM21A",1028
"FUN_019210",335.302232930496,314.344196248068,20.9580366824283,293.386159565639,"orange","",1103
"FUN_005625",352.087394260705,314.192261234847,37.8951330258578,276.297128208989,"greenyellow","TOPBP1",379
"FUN_002949",341.006924667509,313.660522984761,27.346401682748,286.314121302013,"violet","MUC3A_2",226
"FUN_023323",319.096565067355,313.525276714581,5.57128835277427,307.953988361806,"orange","",1324
"FUN_039758",329.125565391902,313.238911002539,15.8866543893633,297.352256613176,"orange","",2160
"FUN_035165",340.747493297875,313.140079928411,27.6074133694638,285.532666558947,"orange","nAChRa4_3",1920
"FUN_042924",340.794181881947,312.059203736507,28.7349781454396,283.324225591067,"violet","",2323
"FUN_042213",320.296953643365,312.037506185104,8.25944745826064,303.778058726844,"orange","CASPS7_4",2289
"FUN_009513",332.449515828444,311.954787943726,20.4947278847177,291.460060059009,"orange","",588
"FUN_039496",326.239890045965,311.876442515802,14.3634475301628,297.512994985639,"orange","",2146
"FUN_043529",331.592245709749,311.714445260381,19.8778004493682,291.836644811013,"orange","FNDC5",2337
"FUN_036046",354.479336429308,310.966356743528,43.51297968578,267.453377057748,"greenyellow","MEC2_10",1961
"FUN_018384",340.160440652299,310.88253479628,29.2779058560191,281.604628940261,"greenyellow","",1050
"FUN_032843",343.173940917037,310.852323144001,32.3216177730362,278.530705370964,"greenyellow","",1815
"FUN_023973",320.014872238841,310.723955593191,9.29091664565044,301.43303894754,"orange","MSI1",1349
"FUN_021711",330.072566442738,310.644867945996,19.4276984967425,291.217169449254,"orange","NUCB2",1227
"FUN_022648",319.470701386909,310.53097544632,8.9397259405888,301.591249505731,"orange","GLRA3_3",1292
"FUN_008152",327.183482526649,310.182621864795,17.0008606618533,293.181761202942,"orange","",521
"FUN_016017",335.967795292339,310.052710685729,25.9150846066104,284.137626079119,"orange","",922
"FUN_039762",345.800307864072,309.704132403923,36.0961754601492,273.607956943774,"greenyellow","OMA1_1",2160
"FUN_042005",345.770257932824,309.692601876517,36.077656056307,273.61494582021,"greenyellow","",2271
"FUN_007198",328.239375177391,309.523313884729,18.7160612926621,290.807252592066,"orange","",469
"FUN_024155",315.297634619585,309.504045421332,5.79358919825279,303.71045622308,"orange","",1359
"FUN_024514",343.081002554145,309.476198209656,33.6048043444883,275.871393865168,"orange","",1384
"FUN_006188",320.141551069499,309.449732659314,10.6918184101851,298.757914249129,"orange","TXNDC9",418
"FUN_026699",326.964249273095,309.095705925303,17.8685433477917,291.227162577512,"orange","",1466
"FUN_033012",321.423230802607,308.718706168263,12.7045246343437,296.014181533919,"orange","",1818
"FUN_024100",338.562169343296,308.299135283037,30.2630340602593,278.036101222778,"violet","",1357
"FUN_036517",355.027042413491,308.165385333114,46.8616570803774,261.303728252736,"violet","",1979
"FUN_006455",315.614853524303,307.946557442997,7.66829608130604,300.278261361691,"orange","",433
"FUN_028780",332.111814730792,307.481094943227,24.6307197875648,282.850375155662,"greenyellow","CCNB1IP1",1594
"FUN_008020",321.044452274093,307.23303265286,13.8114196212329,293.421613031627,"orange","CCDC64",520
"FUN_037805",333.625623324742,307.15478096162,26.4708423631213,280.683938598499,"violet","",2057
"FUN_013760",343.615233316184,307.104536155092,36.5106971610919,270.593838994,"violet","",773
"FUN_027074",319.603135247759,306.937615873067,12.6655193746922,294.272096498374,"orange","PPP1CC",1502
"FUN_001310",322.923408699199,306.863500349694,16.0599083495044,290.80359200019,"orange","",127
"FUN_029783",341.802507987697,306.592075271257,35.2104327164404,271.381642554816,"greenyellow","",1672
"FUN_022497",342.786208738747,306.188230545625,36.5979781931213,269.590252352504,"violet","",1279
"FUN_014574",322.834406575378,305.898351623861,16.9360549515172,288.962296672344,"orange","NOS1AP_1",823
"FUN_016466",319.588420979964,305.891166561476,13.6972544184879,292.193912142988,"orange","MTMR9",954
"FUN_023278",321.045283070166,305.835062515271,15.2102205548946,290.624841960376,"orange","FUT8_2",1324
"FUN_011683",319.72254246212,305.833853673374,13.8886887887464,291.945164884627,"orange","",683
"FUN_043336",356.972910144756,305.69485579204,51.2780543527165,254.416801439323,"greenyellow","RIF1",2333
"FUN_046932",315.038684379801,305.676873719897,9.36181065990382,296.315063059993,"orange","eat-18_3",218
"FUN_035041",338.127949439181,305.629496726093,32.4984527130879,273.131044013005,"greenyellow","TTC13",1919
"FUN_026818",356.09900428602,305.557247959433,50.5417563265874,255.015491632845,"violet","",1475
